[問題] 逃離鴨科夫，看不見的敵人,5,Sun Oct 26 20:30:20 2025
[閒聊] 沉沒意志 心得&閒聊  有雷,2,Sun Oct 26 21:49:10 2025
[限免] 911 Operator,28,Mon Oct 27 03:46:57 2025
[閒聊] 《The Cube Save Us》的神奇道具與設定,0,Mon Oct 27 13:33:36 2025
[公告] 板務宣導/實用連結/置底聊天區,爆,
[公告] Steam板板規/文章推薦區,14,Fri Sep 15 00:09:18 2017
[公告] 交易文章使用說明(發文/推文前請詳閱),0,
[公告] 9月置底遊戲交換區,4,Mon Sep  1 17:29:16 2025
[公告] 10月置底遊戲交換區,9,
[閒聊] Hades 2 修改結局更新（預覽中）,10,Fri Oct 24 15:38:15 2025
Fw: [情報] 國產獨立遊戲《亞路塔》 11/6發售,8,Fri Oct 24 17:08:20 2025
[問題] 逃離鴨科夫如何解鎖倉庫擴展LV.1(已解決),19,Fri Oct 24 20:54:35 2025
Re: [問題] xbox ally x 適合玩steam遊戲嗎？,4,Fri Oct 24 21:47:51 2025
[心得] Rust 有奇怪毒性,8,Fri Oct 24 23:39:16 2025
[閒聊] Halo:CE 重製版公布(預計2026上市),18,Sat Oct 25 05:56:35 2025
[問題] 逃離鴨科夫小擴容箱有藍圖嗎??,9,Sat Oct 25 14:19:42 2025
[情報] 《Project TAL》宣傳影片釋出,3,Sat Oct 25 14:25:09 2025
[情報] 《超級槍彈辯駁 2×2》黑白熊聲優,2,Sat Oct 25 14:26:48 2025
[心得] 命運遊戲2：百年之約,5,Sat Oct 25 14:57:33 2025
[問題] 請推薦小說改編的遊戲,31,Sat Oct 25 15:02:06 2025
[閒聊]LoveR Kiss Endless Memories 似乎被刪除,3,Sat Oct 25 17:34:53 2025
[新聞] 承諾跳票？《戰地風雲6》大砍刷槍 升等,0,Sat Oct 25 18:08:49 2025
[心得] 紙房子 中式青春疼痛政確女同百合大作,4,Sat Oct 25 19:32:55 2025
[問題] STEAM頻繁自動關閉導致遊戲當掉或關閉,7,Sat Oct 25 23:56:44 2025
[心得] 空洞騎士 萬神殿四鎖五門心得,16,Sun Oct 26 11:52:54 2025
[問題]  ball & pit 建築怎麼蓋,5,Sun Oct 26 12:59:35 2025
[CS2 ] PGL Master Bucharest 2025 Group Day1,2,
[心得] 魔鬼終結者：反抗,6,Sun Oct 26 17:09:09 2025
[心得] 護身術道場更新,1,Sun Oct 26 17:42:07 2025
Re: [心得] BALL X PIT,18,Wed Oct 22 22:15:52 2025
[新聞] 《最後一戰》新作傳聞：導入生成式AI開發,0,Thu Oct 23 00:10:28 2025
[閒聊] 沉浸式劇情遊戲節 點數商店限免,23,Thu Oct 23 04:46:57 2025
[閒聊] CS2現開放紅槍合成升級刀&手套,41,Thu Oct 23 08:40:33 2025
Re: [閒聊] CS2現開放紅槍合成升級刀&手套,19,Thu Oct 23 10:44:27 2025
[心得] 新品試玩 漫威宇宙入侵,8,Thu Oct 23 16:30:38 2025
Re: [閒聊] CS2現開放紅槍合成升級刀&手套,13,Thu Oct 23 16:42:05 2025
[心得] 逃離鴨科夫 steamdeck初玩心得,12,Thu Oct 23 17:16:42 2025
[實況] 傑洛尼莫 Steam-戰意 遊戲實況,0,Thu Oct 23 18:33:10 2025
[徵人] 北美 黎明死線dead by dayligh,1,Thu Oct 23 22:41:17 2025
[限免] (epic) Fear the Spotlight,13,Thu Oct 23 23:19:35 2025
Re: [閒聊] CS2現開放紅槍合成升級刀&手套,8,Fri Oct 24 00:18:29 2025
[新聞] 《全境封鎖》系列開發團隊宣布裁員 強調,0,Fri Oct 24 01:33:29 2025
Fw: [閒聊] 從前從前有個塊魂 睽違14年新作現已發售,1,Fri Oct 24 10:24:31 2025
Fw: [新聞] Steam紳士玩家掏錢最乾脆！研究發現 大人,13,Fri Oct 24 10:51:56 2025
Re: [閒聊] CS2現開放紅槍合成升級刀&手套,30,Fri Oct 24 10:52:44 2025
[心得] Dispatch 第一、二章(雷),7,Fri Oct 24 12:23:10 2025
[閒聊] 戰地風雲6 心得Vince Zampella信徒,10,Fri Oct 24 14:38:17 2025
[閒聊] Return of the Obra Dinn 死法好難猜,11,Fri Oct 24 14:42:48 2025
[問題] steam商店開圖跟影片很慢有時還跑不出來?,26,Fri Oct 24 14:58:47 2025
